,year,state,rate,White,Black or African American,median_income,% educated,modified_wage
0,2020,Florida,28.4,71.6,15.9,60460.0,28.46294776,8.959706191
1,2020,West Virginia,39.1,92.5,3.6,54396.0,19.93858033,9.158578174
2,2020,Kentucky,36.6,86.2,8.1,59405.0,23.13074623,7.588536201
3,2020,Alabama,39.0,67.5,26.6,57243.0,24.03437226,7.588536201
4,2020,Oklahoma,36.4,71.1,7.3,54921.0,23.81011249,7.588536201
5,2020,Mississippi,39.7,58.0,37.7,47242.0,20.72611001,7.588536201
6,2020,Arkansas,36.4,75.4,15.2,53148.0,21.96981344,10.46694648
7,2020,Louisiana,38.1,61.2,32.2,53576.0,22.8928778,7.588536201
8,2020,South Dakota,33.2,83.6,2.1,73467.0,27.09267333,9.734260231
9,2020,Ohio,35.5,80.5,12.4,63198.0,26.74058203,9.106243442
10,2020,Missouri,34.0,81.3,11.4,65081.0,27.67384156,9.891264428
11,2020,Iowa,36.5,89.1,3.7,72030.0,27.01951333,7.588536201
12,2020,Indiana,36.8,82.3,9.4,69925.0,25.03018018,7.588536201
13,2020,South Carolina,36.2,66.5,26.4,63159.0,26.71756243,7.588536201
14,2020,Texas,35.8,69.2,12.1,71599.0,27.92196372,7.588536201
15,2020,Kansas,35.3,83.0,5.7,76495.0,30.9043993,7.588536201
16,2020,North Carolina,33.6,67.6,21.4,63252.0,29.4280345,7.588536201
17,2020,Nebraska,34.0,85.3,4.8,75622.0,29.89025507,9.420251836
18,2020,North Dakota,33.1,85.7,3.2,67109.0,28.2704146,7.588536201
19,2020,Tennessee,35.6,76.7,16.7,57542.0,26.10718683,7.588536201
20,2020,New Mexico,30.9,70.0,2.1,53283.0,25.52091112,9.420251836
21,2020,Michigan,35.2,77.6,13.6,67399.0,27.70524967,10.10060336
22,2020,Maryland,31.0,54.2,29.9,99215.0,37.92032887,11.51364113
23,2020,Illinois,32.4,69.8,14.1,77805.0,33.00548408,10.46694648
24,2020,Virginia,32.2,66.3,19.0,86053.0,36.38780254,7.588536201
25,2020,Delaware,36.5,67.4,22.0,73292.0,30.14923926,9.681925498
26,2020,Georgia,34.3,57.2,31.6,62033.0,29.38547158,7.588536201
27,2020,Wisconsin,32.3,84.3,6.3,70553.0,28.53048126,7.588536201
28,2020,Alaska,31.9,63.4,3.2,78236.0,26.96127926,10.66581847
29,2020,Pennsylvania,31.5,79.4,11.1,74094.0,30.17504751,7.588536201
30,2020,Minnesota,30.7,81.6,6.4,82431.0,34.20961096,10.46694648
31,2020,Wyoming,30.7,90.3,0.9,68506.0,25.76050055,7.588536201
32,2020,Maine,31.0,93.7,1.4,66667.0,30.50846991,12.56033578
33,2020,Montana,28.5,87.8,0.6,59390.0,30.42901589,9.053908709
34,2020,Idaho,31.1,88.4,0.7,69841.0,26.04718847,7.588536201
35,2020,Arizona,30.9,73.8,4.5,70220.0,27.67038419,12.56033578
36,2020,Nevada,28.7,62.1,9.3,64020.0,23.4218241,9.420251836
37,2020,Utah,28.6,85.1,1.2,87915.0,30.26757567,7.588536201
38,2020,New Hampshire,29.9,92.0,1.6,93045.0,34.85607915,7.588536201
39,2020,Connecticut,29.2,74.2,10.7,83141.0,37.19153499,12.56033578
40,2020,Oregon,28.1,82.6,1.9,80443.0,31.75543247,12.56033578
41,2020,Rhode Island,30.1,79.0,6.5,83918.0,32.14990485,12.03698846
42,2020,New York,26.3,62.3,15.4,71865.0,35.15645564,12.35099685
43,2020,Vermont,26.3,93.6,1.3,70398.0,36.06725273,11.47177335
44,2020,Washington,28.0,73.5,3.9,85157.0,33.93096701,14.13037775
45,2020,New Jersey,27.7,65.5,13.4,89543.0,38.20775206,11.51364113
46,2020,California,30.3,56.1,5.7,81278.0,31.86587013,13.60703043
47,2020,Massachusetts,24.4,76.6,7.5,91912.0,41.31154722,13.34535677
48,2020,Colorado,24.2,81.5,4.1,87689.0,38.22908135,12.56033578
49,2020,Hawaii,24.5,24.1,1.9,84600.0,30.89807278,10.57161595
50,2020,District of Columbia,24.3,41.1,45.4,92337.0,55.23539483,15.70041973
51,2019,Florida,27.0,74.5,16.0,61856.0,28.65146388,8.965577689
52,2019,West Virginia,39.7,93.1,3.7,56916.0,19.87645544,9.272908367
53,2019,Kentucky,36.5,86.7,8.1,58989.0,23.26556156,7.683266932
54,2019,Alabama,36.1,67.8,26.9,59558.0,24.10823274,7.683266932
55,2019,Oklahoma,36.8,72.4,7.3,62946.0,23.93519976,7.683266932
56,2019,Mississippi,40.8,58.0,38.0,47463.0,20.28397584,7.683266932
57,2019,Arkansas,37.4,76.7,15.5,57799.0,21.5988325,9.802788845
58,2019,Louisiana,35.9,61.8,32.4,54797.0,23.02020703,7.683266932
59,2019,South Dakota,33.0,84.1,2.4,68095.0,27.38478316,9.643824701
60,2019,Ohio,34.8,80.9,12.6,68527.0,27.04117386,9.060956175
61,2019,Missouri,34.8,81.8,11.5,64218.0,28.05269466,9.113944223
62,2019,Iowa,33.9,89.9,4.1,70002.0,26.86467426,7.683266932
63,2019,Indiana,35.3,82.8,9.6,70679.0,24.86128209,7.683266932
64,2019,South Carolina,35.4,66.7,26.5,65735.0,27.2304823,7.683266932
65,2019,Texas,34.0,73.4,12.3,71474.0,27.98278644,7.683266932
66,2019,Kansas,35.2,83.6,5.7,77523.0,30.90912706,7.683266932
67,2019,North Carolina,34.0,68.1,21.5,64814.0,29.65176702,7.683266932
68,2019,Nebraska,34.1,86.2,4.9,77437.0,30.80636629,9.537848606
69,2019,North Dakota,34.8,85.8,2.9,74216.0,27.97255004,7.683266932
70,2019,Tennessee,36.5,77.2,16.7,60011.0,26.69402691,7.683266932
71,2019,New Mexico,31.7,73.9,2.3,56287.0,25.24468893,7.948207171
72,2019,Michigan,36.0,78.2,13.7,67951.0,27.80247666,10.01474104
73,2019,Maryland,32.3,54.5,30.3,101283.0,38.08731841,10.70358566
74,2019,Illinois,31.6,71.4,14.1,78845.0,33.27823623,8.743027888
75,2019,Virginia,31.9,67.0,19.4,86172.0,36.40154695,7.683266932
76,2019,Delaware,34.4,67.7,22.5,78628.0,30.71648104,9.272908367
77,2019,Georgia,33.1,57.8,31.9,60012.0,29.63783864,7.683266932
78,2019,Wisconsin,34.2,85.2,6.4,71380.0,29.00777842,7.683266932
79,2019,Alaska,30.5,64.2,3.1,83079.0,27.05311383,10.48103586
80,2019,Pennsylvania,33.2,79.6,11.4,74800.0,30.19966048,7.683266932
81,2019,Minnesota,30.1,82.1,6.6,86292.0,34.75461977,10.44924303
82,2019,Wyoming,29.7,90.9,1.2,69027.0,26.63854961,7.683266932
83,2019,Maine,31.7,94.0,1.6,70523.0,31.21348006,11.65737052
84,2019,Montana,28.3,88.0,0.7,63792.0,30.70961966,9.007968127
85,2019,Idaho,29.5,89.4,0.7,69932.0,26.12763603,7.683266932
86,2019,Arizona,31.4,78.3,4.7,74897.0,27.7012216,11.65737052
87,2019,Nevada,30.6,64.6,9.6,75143.0,23.66508344,8.743027888
88,2019,Utah,29.2,87.3,1.2,89574.0,30.33480544,7.683266932
89,2019,New Hampshire,31.8,92.6,1.6,92093.0,34.76226589,7.683266932
90,2019,Connecticut,29.1,74.6,11.1,92507.0,37.03427413,10.70358566
91,2019,Oregon,29.0,83.5,1.8,78860.0,31.93827813,11.92231076
92,2019,Rhode Island,30.0,78.7,7.4,74344.0,32.00659978,11.12749004
93,2019,New York,27.1,63.2,15.9,76149.0,35.58248034,11.76334661
94,2019,Vermont,26.6,93.8,1.5,78746.0,35.28436808,11.42422311
95,2019,Washington,28.3,74.2,4.0,87381.0,34.15748645,12.71713147
96,2019,California,26.2,59.4,5.8,82772.0,32.18654787,12.71713147
97,2019,Massachusetts,25.2,77.0,7.9,92949.0,41.80822152,12.71713147
98,2019,Colorado,23.8,83.7,4.2,76832.0,39.26780644,11.76334661
99,2019,Hawaii,25.0,24.1,1.9,93265.0,30.92225852,10.70358566
100,2019,District of Columbia,23.8,42.5,45.4,98675.0,55.07226814,14.83665339
101,2018,West Virginia,38.1,93.0,3.8,54566.0,19.93848637,9.440914008
102,2018,Mississippi,37.3,58.1,38.0,46159.0,21.01978772,7.822471606
103,2018,Oklahoma,36.5,72.2,7.3,58732.0,23.29478207,7.822471606
104,2018,Iowa,36.4,90.2,3.6,74144.0,26.8192092,7.822471606
105,2018,Alabama,36.3,67.7,26.7,53879.0,23.39467606,7.822471606
106,2018,Louisiana,36.2,61.7,32.4,53919.0,22.20274405,7.822471606
107,2018,Arkansas,35.0,76.5,15.2,53712.0,21.36622703,9.171173607
108,2018,Kentucky,34.3,86.7,7.9,58863.0,22.86185052,7.822471606
109,2018,Alaska,34.2,64.4,3.4,74161.0,27.12887515,10.61698215
110,2018,South Carolina,34.1,67.0,26.6,61980.0,25.93995353,7.822471606
111,2018,Ohio,33.8,81.0,12.4,66500.0,26.83760182,8.955381287
112,2018,Indiana,33.6,82.8,9.5,64621.0,24.95021777,7.822471606
113,2018,North Dakota,33.2,85.7,3.4,71756.0,26.80575984,7.822471606
114,2018,Texas,33.0,73.5,12.3,64506.0,27.49467536,7.822471606
115,2018,Tennessee,32.8,77.3,16.8,60487.0,25.45082485,7.822471606
116,2018,Nebraska,32.8,86.4,4.7,72911.0,29.94887175,9.710654408
117,2018,Missouri,32.5,82.2,11.5,66600.0,27.28186465,8.469848567
118,2018,Kansas,32.4,84.0,5.9,68987.0,30.77096701,7.822471606
119,2018,Michigan,32.3,78.3,13.8,65222.0,27.31352908,9.980394808
120,2018,North Carolina,32.1,68.4,21.4,57583.0,29.40165668,7.822471606
121,2018,Wisconsin,32.0,85.3,6.4,67574.0,27.87951812,7.822471606
122,2018,South Dakota,31.9,84.0,2.2,64158.0,26.89720444,9.333017847
123,2018,Delaware,31.8,68.2,22.5,70145.0,28.8532645,8.901433207
124,2018,Georgia,31.6,58.3,31.6,60229.0,29.05061287,7.822471606
125,2018,Pennsylvania,31.6,80.1,11.2,69619.0,29.69386215,7.822471606
126,2018,Maryland,31.3,54.7,30.0,93031.0,37.80014425,10.89751217
127,2018,Illinois,31.1,71.7,14.1,75684.0,32.6488036,8.901433207
128,2018,Virginia,30.1,67.4,19.2,83243.0,36.1291327,7.822471606
129,2018,Rhode Island,30.0,80.7,6.7,67183.0,31.77897533,10.89751217
130,2018,Arizona,29.5,78.0,4.7,67201.0,27.08044474,11.32909681
131,2018,Oregon,29.4,83.9,2.0,74626.0,31.3392654,11.59883721
132,2018,Idaho,29.3,89.9,0.7,63365.0,25.05978586,7.822471606
133,2018,Maine,29.1,94.3,1.4,63295.0,29.58190653,10.78961601
134,2018,Wyoming,28.8,91.5,0.6,67477.0,24.6351551,7.822471606
135,2018,New Mexico,28.4,76.4,2.2,52096.0,25.0143791,8.092212006
136,2018,Minnesota,28.4,82.5,6.6,77488.0,34.09071711,10.41197945
137,2018,Florida,28.4,74.6,16.0,58959.0,28.2101989,8.901433207
138,2018,New Hampshire,28.1,92.4,1.7,87769.0,34.19928437,7.822471606
139,2018,Washington,27.7,74.8,3.9,86021.0,33.88157828,12.40805841
140,2018,Vermont,27.6,94.1,1.2,75599.0,35.50527437,11.32909681
141,2018,New Jersey,27.3,66.9,13.6,80033.0,38.26485462,9.279069767
142,2018,Connecticut,26.9,75.2,11.0,78561.0,36.75741357,10.89751217
143,2018,Nevada,26.7,63.4,9.2,66749.0,22.84420929,8.901433207
144,2018,Massachusetts,25.9,77.3,7.8,93163.0,41.25901555,11.86857761
145,2018,New York,25.7,63.3,15.7,72586.0,34.86642308,11.22120065
146,2018,Montana,25.3,88.6,0.5,62233.0,29.34870365,8.955381287
147,2018,Utah,25.3,85.7,1.3,83152.0,30.40388934,7.822471606
148,2018,California,25.1,59.5,5.8,76055.0,31.41359698,11.86857761
149,2018,Hawaii,23.8,24.3,2.0,86433.0,30.80718845,10.89751217
150,2018,District of Columbia,23.0,42.2,45.5,92521.0,55.72794707,14.29624121
151,2018,Colorado,22.6,84.1,4.2,78801.0,38.4148079,11.00540833
152,2017,West Virginia,38.1,92.8,4.0,51900.0,11.6032123,9.671052632
153,2017,Mississippi,37.3,58.2,38.0,47837.0,12.67006147,8.013157895
154,2017,Oklahoma,36.5,72.2,7.3,57343.0,15.66680059,8.013157895
155,2017,Iowa,36.4,90.0,3.4,70148.0,18.36566045,8.013157895
156,2017,Alabama,36.3,68.0,26.8,56219.0,14.79165421,8.013157895
157,2017,Louisiana,36.2,61.7,32.5,48151.0,14.49266606,8.013157895
158,2017,Arkansas,35.0,76.3,15.3,54988.0,14.10700021,9.394736842
159,2017,Kentucky,34.3,86.9,8.1,54901.0,13.40810011,8.013157895
160,2017,Alaska,34.2,64.2,3.0,86196.0,16.4480161,10.83157895
161,2017,South Carolina,34.1,67.3,27.0,60278.0,16.57145465,8.013157895
162,2017,Ohio,33.8,81.3,12.4,67076.0,16.44716589,9.007894737
163,2017,Indiana,33.6,83.7,9.4,64953.0,16.10430595,8.013157895
164,2017,North Dakota,33.2,86.6,3.1,66500.0,20.63590476,8.013157895
165,2017,Texas,33.0,73.9,12.1,66417.0,17.91167411,8.013157895
166,2017,Tennessee,32.8,77.7,16.7,61128.0,16.31981062,8.013157895
167,2017,Nebraska,32.8,87.3,4.6,65855.0,19.65576809,9.947368421
168,2017,Missouri,32.5,82.0,11.4,62481.0,17.01955047,8.510526316
169,2017,Kansas,32.4,84.5,5.7,62889.0,19.76953014,8.013157895
170,2017,Michigan,32.3,78.4,13.8,62342.0,16.74163451,9.836842105
171,2017,North Carolina,32.1,68.8,21.5,54762.0,18.86785992,8.013157895
172,2017,Wisconsin,32.0,85.3,6.4,70164.0,18.68505767,8.013157895
173,2017,South Dakota,31.9,84.7,2.0,62905.0,18.20537507,9.560526316
174,2017,Delaware,31.8,68.8,21.9,71799.0,17.03069852,9.118421053
175,2017,Georgia,31.6,58.7,31.6,64089.0,17.74958324,8.013157895
176,2017,Pennsylvania,31.6,80.7,11.2,67736.0,18.25121004,8.013157895
177,2017,Maryland,31.3,54.9,29.9,90734.0,20.43792999,10.22368421
178,2017,Illinois,31.1,71.2,14.2,72913.0,20.01163226,9.118421053
179,2017,Virginia,30.1,67.5,19.2,78265.0,20.9066912,8.013157895
180,2017,Rhode Island,30.0,81.8,6.3,72285.0,19.0054265,10.61052632
181,2017,Arizona,29.5,77.6,4.4,65984.0,16.98183092,11.05263158
182,2017,Oregon,29.4,84.4,1.9,69077.0,19.59741842,11.88157895
183,2017,Idaho,29.3,90.0,0.7,65760.0,16.77294847,8.013157895
184,2017,Maine,29.1,94.4,1.2,58928.0,18.92567752,9.947368421
185,2017,Wyoming,28.8,91.2,1.0,65803.0,16.04838947,8.013157895
186,2017,New Mexico,28.4,75.8,2.1,50401.0,14.03261367,8.289473684
187,2017,Minnesota,28.4,82.7,6.5,77341.0,22.45032747,10.5
188,2017,Florida,28.4,75.1,16.2,58674.0,17.88922175,8.952631579
189,2017,New Hampshire,28.1,93.1,1.7,83591.0,21.48312742,8.013157895
190,2017,Washington,27.7,75.4,3.7,79071.0,20.90289824,12.15789474
191,2017,Vermont,27.6,94.2,1.3,70385.0,21.10685469,11.05263158
192,2017,New Jersey,27.3,67.9,13.5,78739.0,23.29553734,9.328421053
193,2017,Connecticut,26.9,75.9,10.6,82125.0,20.86748473,11.16315789
194,2017,Nevada,26.7,64.6,9.2,64151.0,15.3186015,9.118421053
195,2017,Massachusetts,25.9,78.5,7.8,84269.0,23.20035488,12.15789474
196,2017,New York,25.7,63.1,15.8,68021.0,19.82899103,10.72105263
197,2017,Montana,25.3,88.6,0.4,63450.0,20.27862608,9.007894737
198,2017,Utah,25.3,85.7,1.2,77135.0,20.2183174,8.013157895
199,2017,California,25.1,58.6,5.7,77410.0,19.74941523,11.60526316
200,2017,Hawaii,23.8,25.0,1.6,81346.0,20.27647674,10.22368421
201,2017,District of Columbia,23.0,41.0,45.9,89838.0,23.78067843,13.81578947
202,2017,Colorado,22.6,84.2,4.1,82877.0,24.39857347,10.27894737
203,2016,West Virginia,37.7,93.1,3.8,50077.0,12.060769388929728,9.879032258
204,2016,Mississippi,37.3,58.5,38.0,46402.0,12.424538957694146,8.185483871
205,2016,Alabama,35.7,68.2,26.8,53314.0,14.336214388555344,8.185483871
206,2016,Arkansas,35.7,76.6,15.5,51830.0,13.356596202882386,9.032258065
207,2016,Louisiana,35.5,62.0,32.4,47641.0,14.212157216462307,8.185483871
208,2016,Tennessee,34.8,77.8,16.8,57969.0,15.88005459268966,8.185483871
209,2016,Kentucky,34.2,87.1,8.3,51223.0,13.322024682604876,8.185483871
210,2016,Texas,33.7,74.3,12.1,65649.0,17.55166107932457,8.185483871
211,2016,Oklahoma,32.8,72.4,7.3,57516.0,15.496225864016305,8.185483871
212,2016,Indiana,32.5,83.5,9.3,63332.0,15.45498781529892,8.185483871
213,2016,Michigan,32.5,78.5,13.7,64458.0,16.264624148762387,9.596774194
214,2016,South Carolina,32.3,67.4,27.0,61347.0,16.41433716077184,8.185483871
215,2016,Iowa,32.0,90.4,3.6,66719.0,17.974719714784822,8.185483871
216,2016,Nebraska,32.0,87.8,4.7,67035.0,19.61046202070995,10.16129032
217,2016,North Dakota,31.9,87.2,2.5,67950.0,20.2962846142506,8.185483871
218,2016,North Carolina,31.8,68.9,21.5,60701.0,18.41438878028162,8.185483871
219,2016,Missouri,31.7,82.3,11.5,62115.0,16.725041548513524,8.637096774
220,2016,Illinois,31.6,71.3,14.2,69307.0,20.06101943349509,9.314516129
221,2016,Ohio,31.5,81.6,12.4,60951.0,16.337782588717307,9.14516129
222,2016,Georgia,31.4,58.7,31.6,60434.0,17.487048641618635,8.185483871
223,2016,Alaska,31.4,64.4,3.2,85494.0,17.392958503276247,11.00806452
224,2016,Kansas,31.2,84.6,5.7,64140.0,19.24319343906366,8.185483871
225,2016,Delaware,30.7,69.2,22.0,65536.0,17.355193975085182,9.314516129
226,2016,Wisconsin,30.7,85.5,6.3,67535.0,18.31710401053204,8.185483871
227,2016,Pennsylvania,30.3,80.9,11.0,68847.0,18.018757229670417,8.185483871
228,2016,Maryland,29.9,56.5,29.8,83277.0,20.0877888869975,9.879032258
229,2016,Maine,29.9,94.4,1.5,57418.0,17.970921332283044,8.467741935
230,2016,South Dakota,29.6,84.7,1.7,64863.0,18.319768307413213,9.596774194
231,2016,Virginia,29.0,67.8,19.0,75025.0,20.60010561946919,8.185483871
232,2016,Arizona,29.0,75.8,4.3,64468.0,16.745712782110665,9.088709677
233,2016,Oregon,28.7,84.4,1.9,66765.0,18.89118227320377,11.00806452
234,2016,Washington,28.6,75.7,3.7,79382.0,20.81183416184553,10.69193548
235,2016,New Mexico,28.3,74.0,2.0,54703.0,14.337911192013076,8.467741935
236,2016,Minnesota,27.8,83.3,6.0,79278.0,21.93329802527764,10.72580645
237,2016,Wyoming,27.7,92.0,1.0,65291.0,16.0641956094917,8.185483871
238,2016,Florida,27.4,75.6,16.1,57779.0,17.20879058551132,9.088709677
239,2016,Idaho,27.4,89.7,0.7,63863.0,17.09343915012878,8.185483871
240,2016,New Jersey,27.4,68.1,13.4,77303.0,22.83487283819179,9.461290323
241,2016,Vermont,27.1,94.4,1.3,68687.0,19.878239212508152,10.83870968
242,2016,New Hampshire,26.6,93.4,1.2,86100.0,21.69888199867157,8.185483871
243,2016,Rhode Island,26.6,80.5,6.4,69467.0,19.661565536585883,10.16129032
244,2016,Connecticut,26.0,76.7,10.6,85720.0,21.12580506959271,10.83870968
245,2016,Nevada,25.8,66.9,8.9,62583.0,14.235360362351251,9.314516129
246,2016,Montana,25.5,89.0,0.4,64440.0,19.34886944213033,9.088709677
247,2016,New York,25.5,63.5,15.6,69364.0,19.660857452343112,10.16129032
248,2016,Utah,25.4,86.3,1.1,76188.0,18.968380319061502,8.185483871
249,2016,California,25.0,59.7,5.8,75235.0,19.275404446524245,11.29032258
250,2016,Hawaii,23.8,25.1,1.8,81440.0,20.031727564079688,9.596774194
251,2016,Massachusetts,23.6,78.5,7.4,81591.0,22.97943319432664,11.29032258
252,2016,District of Columbia,22.6,40.7,47.1,80141.0,23.97749416475728,12.98387097
253,2016,Colorado,22.3,84.0,4.2,79671.0,23.28257749414549,9.382258065
254,2015,Louisiana,36.2,62.4,32.2,52516.0,14.2027419,8.29105761
255,2015,West Virginia,35.6,93.4,3.9,48973.0,11.28976207,9.148753224
256,2015,Alabama,35.6,68.5,26.8,50900.0,14.38866242,8.29105761
257,2015,Mississippi,35.6,58.8,37.7,45786.0,12.02525608,8.29105761
258,2015,Kentucky,34.6,87.4,8.0,48474.0,12.8506324,8.29105761
259,2015,Arkansas,34.5,77.5,15.8,48944.0,13.17846549,8.576956148
260,2015,Kansas,34.2,84.7,5.9,62743.0,18.77912227,8.29105761
261,2015,Oklahoma,33.9,72.6,7.3,53837.0,15.30563096,8.29105761
262,2015,Tennessee,33.8,77.7,16.8,54126.0,15.23219725,8.29105761
263,2015,Missouri,32.4,82.4,11.7,67696.0,16.27663071,8.748495271
264,2015,Texas,32.4,74.9,12.0,64582.0,17.21178776,8.29105761
265,2015,Iowa,32.1,90.5,3.4,69593.0,17.07048339,8.29105761
266,2015,South Carolina,31.7,67.2,27.5,53017.0,16.23386653,8.29105761
267,2015,Nebraska,31.4,88.2,4.8,69158.0,18.8479615,9.148753224
268,2015,Indiana,31.3,84.0,9.1,59447.0,15.09236408,8.29105761
269,2015,Michigan,31.2,78.6,13.9,61986.0,16.08988857,9.320292347
270,2015,North Dakota,31.0,88.2,2.1,65659.0,20.12332355,8.29105761
271,2015,Illinois,30.8,71.8,14.3,69088.0,19.32230012,9.434651763
272,2015,Georgia,30.7,59.5,31.3,58058.0,17.20753701,8.29105761
273,2015,Wisconsin,30.7,86.0,6.3,63384.0,17.96962381,8.29105761
274,2015,South Dakota,30.4,84.6,1.5,62972.0,18.31966941,9.720550301
275,2015,North Carolina,30.1,69.1,21.6,58091.0,17.68436953,8.29105761
276,2015,Oregon,30.1,85.2,1.9,69569.0,18.98817012,10.57824592
277,2015,Pennsylvania,30.0,81.1,11.0,69061.0,17.35103061,8.29105761
278,2015,Maine,30.0,94.6,1.1,58044.0,18.46983937,8.576956148
279,2015,Ohio,29.8,82.0,12.3,60955.0,15.97318006,9.26311264
280,2015,Alaska,29.8,65.2,3.5,85898.0,16.78534747,10.00644884
281,2015,Delaware,29.7,69.2,21.6,66049.0,17.17138489,9.434651763
282,2015,Virginia,29.2,68.2,19.2,70315.0,20.0818218,8.29105761
283,2015,Wyoming,29.0,91.5,0.8,69673.0,15.62716214,8.29105761
284,2015,Maryland,28.9,56.5,29.5,84162.0,20.26046495,9.148753224
285,2015,New Mexico,28.8,73.4,2.3,51598.0,13.10499573,8.576956148
286,2015,Idaho,28.6,91.5,0.5,59037.0,16.1733929,8.29105761
287,2015,Arizona,28.4,77.4,4.4,59751.0,16.09976074,9.205932932
288,2015,Florida,26.8,75.8,16.2,55836.0,17.16998645,9.205932932
289,2015,Nevada,26.7,67.5,8.5,59476.0,14.29646896,9.434651763
290,2015,Washington,26.4,76.9,3.7,76899.0,20.31760687,10.82983663
291,2015,New Hampshire,26.3,93.6,1.6,86541.0,20.74466141,8.29105761
292,2015,Minnesota,26.1,84.1,5.8,78599.0,21.69526869,10.29234738
293,2015,Rhode Island,26.0,80.4,6.2,63699.0,18.47581129,10.29234738
294,2015,New Jersey,25.6,67.7,13.4,78173.0,22.38863148,9.583319003
295,2015,Connecticut,25.3,76.5,10.6,83355.0,20.79300853,10.4638865
296,2015,Vermont,25.1,94.7,1.3,68037.0,21.26622414,10.4638865
297,2015,New York,25.0,63.8,15.6,66334.0,19.46301213,10.00644884
298,2015,Utah,24.5,87.2,1.2,75772.0,18.79730426,8.29105761
299,2015,Massachusetts,24.3,79.1,7.3,77605.0,22.33959803,10.29234738
300,2015,California,24.2,60.9,5.8,72774.0,18.87300689,10.29234738
301,2015,Montana,23.6,88.9,0.5,58775.0,18.61074819,9.205932932
302,2015,Hawaii,22.7,26.0,2.1,73778.0,19.27298984,8.862854686
303,2015,District of Columbia,22.1,40.0,47.4,80133.0,23.83340248,12.00773861
304,2015,Colorado,20.2,84.4,4.1,76159.0,23.04361015,9.41177988
305,2014,Florida,26.2,76.0,16.2,52856.0,25.13176364017692,9.084323859
306,2014,West Virginia,35.7,93.6,3.7,45309.0,17.7682587589614,8.305340224
307,2014,Kentucky,31.6,87.4,7.9,49014.0,20.449806394883776,8.305340224
308,2014,Alabama,33.5,68.5,26.6,48432.0,21.339223321785845,8.305340224
309,2014,Oklahoma,33.0,72.9,7.4,54069.0,21.88626513197607,8.305340224
310,2014,Mississippi,35.5,58.8,37.8,40692.0,18.983479385158528,8.305340224
311,2014,Arkansas,35.9,78.3,15.8,51461.0,19.59247961157916,8.305340224
312,2014,Louisiana,34.9,62.8,32.3,48579.0,20.793852824923647,8.305340224
313,2014,South Dakota,29.8,84.9,1.7,60776.0,25.00273057628888,8.305340224
314,2014,Ohio,32.6,82.1,12.2,56870.0,24.49829447331887,9.107235142
315,2014,Missouri,30.2,82.3,11.7,64873.0,25.17162204429076,8.591731266
316,2014,Iowa,30.9,91.3,3.1,66225.0,25.303840422248705,8.305340224
317,2014,Indiana,32.7,84.1,9.3,55056.0,22.6009015433514,8.305340224
318,2014,South Carolina,32.1,67.3,27.3,51469.0,23.970491955021284,8.305340224
319,2014,Texas,31.9,75.2,12.0,61717.0,25.0247194488296,8.305340224
320,2014,Kansas,31.3,84.9,5.9,61224.0,28.58449393866887,8.305340224
321,2014,North Carolina,29.7,69.1,21.7,53594.0,26.212736463656107,8.305340224
322,2014,Nebraska,30.2,88.3,4.7,65148.0,27.014190457730688,8.305340224
323,2014,North Dakota,32.2,88.5,2.0,69570.0,25.03961388638284,8.305340224
324,2014,Tennessee,31.2,77.6,16.9,50079.0,23.23810320910656,8.305340224
325,2014,New Mexico,28.4,73.1,2.0,53482.0,23.54298458398453,8.591731266
326,2014,Michigan,30.7,78.9,13.9,59575.0,25.084020940795376,9.336347976
327,2014,Maryland,29.6,57.4,29.7,87252.0,35.09925078352833,8.305340224
328,2014,Illinois,29.3,72.1,14.3,62910.0,30.27270491072716,9.450904393
329,2014,Virginia,28.5,68.9,19.2,75785.0,33.5179236174419,8.305340224
330,2014,Delaware,30.7,69.2,21.7,65895.0,27.838783528202747,8.878122308
331,2014,Georgia,30.5,59.9,31.3,56768.0,26.27104085474449,8.305340224
332,2014,Wisconsin,31.2,86.3,6.3,66534.0,26.1518908440484,8.305340224
333,2014,Alaska,29.7,65.6,3.4,77473.0,24.761429405250897,8.878122308
334,2014,Pennsylvania,30.2,81.4,11.1,63204.0,26.942307761322457,8.305340224
335,2014,Minnesota,27.6,84.4,5.7,77032.0,31.716939362468,9.164513351
336,2014,Wyoming,29.5,91.0,1.1,63796.0,24.02704233303237,8.305340224
337,2014,Maine,28.2,94.8,1.2,59237.0,27.455123647885426,8.591731266
338,2014,Montana,26.4,89.4,0.6,58541.0,26.3834247650374,9.049956934
339,2014,Idaho,28.9,91.7,0.7,61217.0,22.439229088455026,8.305340224
340,2014,Arizona,28.9,78.3,4.2,56424.0,24.87268652974426,9.049956934
341,2014,Nevada,27.7,68.0,8.6,57135.0,21.01030236592653,9.450904393
342,2014,Utah,25.7,87.3,1.1,72609.0,27.100120990324264,8.305340224
343,2014,New Hampshire,27.4,93.4,1.3,84081.0,32.216560786086625,8.305340224
344,2014,Connecticut,26.3,76.8,10.3,80374.0,35.03572516275956,9.966408269
345,2014,Oregon,27.9,84.6,1.8,67445.0,28.08173255292258,10.42463394
346,2014,Rhode Island,27.0,81.3,6.7,67168.0,27.86448556760005,9.164513351
347,2014,New York,27.0,64.0,15.7,62216.0,32.023474729710586,9.164513351
348,2014,Vermont,24.8,94.5,1.0,69545.0,31.976384838495,10.00077519
349,2014,Washington,27.3,77.7,3.6,67666.0,30.32033625230977,10.67665805
350,2014,New Jersey,26.9,67.7,13.6,74740.0,34.749821064981674,9.450904393
351,2014,California,24.7,61.4,5.8,69292.0,28.70767595718193,10.31007752
352,2014,Massachusetts,23.3,79.3,7.1,72344.0,38.06091549460165,9.164513351
353,2014,Colorado,21.3,84.4,4.0,69811.0,34.84213761411398,9.164513351
354,2014,Hawaii,22.1,25.4,2.2,81591.0,28.110715195278647,8.305340224
355,2014,District of Columbia,21.7,40.2,48.8,78216.0,50.35837591452261,10.8828596
356,2013,Florida,26.4,76.2,16.1,56538.0,24.954180131189364,9.075065693
357,2013,West Virginia,35.1,93.7,3.4,50174.0,17.49715403108732,8.445985401
358,2013,Kentucky,33.2,87.7,8.0,52282.0,20.73043899062623,8.445985401
359,2013,Alabama,32.4,68.9,26.6,55126.0,21.33185090837901,8.445985401
360,2013,Oklahoma,32.5,73.1,7.2,53777.0,21.53366802905948,8.445985401
361,2013,Mississippi,35.1,59.0,37.7,37673.0,18.2791258644929,8.445985401
362,2013,Arkansas,34.6,77.9,15.7,45872.0,18.82367014851731,8.445985401
363,2013,Louisiana,33.1,62.9,32.3,54083.0,20.378032541599325,8.445985401
364,2013,South Dakota,29.9,85.1,1.5,62224.0,24.049225010842296,8.445985401
365,2013,Ohio,30.4,82.5,12.1,59120.0,24.022180779200028,9.144963504
366,2013,Missouri,30.4,82.8,11.5,53941.0,24.902228091733743,8.562481752
367,2013,Iowa,31.3,91.4,3.3,70080.0,24.28619277973764,8.445985401
368,2013,Indiana,31.8,84.2,9.2,57613.0,21.781879695627048,8.445985401
369,2013,South Carolina,31.7,67.2,27.6,50749.0,23.62691429809992,8.445985401
370,2013,Texas,30.9,75.0,11.9,59886.0,24.73923464783179,8.445985401
371,2013,Kansas,30.0,85.6,5.8,55709.0,28.10887681367801,8.445985401
372,2013,North Carolina,29.4,69.2,21.5,53981.0,25.89866100679386,8.445985401
373,2013,Nebraska,29.6,88.3,4.6,67129.0,26.64726544814647,8.445985401
374,2013,North Dakota,31.0,89.0,1.5,68910.0,24.300833481428825,8.445985401
375,2013,Tennessee,33.7,77.9,17.0,50514.0,22.722551803124663,8.445985401
376,2013,New Mexico,26.4,75.3,2.0,46792.0,23.437003543614907,8.737226277
377,2013,Michigan,31.5,79.1,13.9,65898.0,24.571604806294104,8.620729927
378,2013,Maryland,28.3,57.6,29.6,80794.0,34.327631421374875,8.445985401
379,2013,Illinois,29.4,72.7,14.2,62835.0,29.55709048091376,9.610948905
380,2013,Virginia,27.2,69.3,19.3,76779.0,33.006548454567564,8.445985401
381,2013,Delaware,31.1,68.9,21.6,63014.0,27.651759338892425,8.445985401
382,2013,Georgia,30.3,60.4,31.0,54744.0,25.52756650216362,8.445985401
383,2013,Wisconsin,29.8,86.6,6.2,60259.0,25.48849172746697,8.445985401
384,2013,Alaska,28.4,66.4,3.4,84427.0,24.446612079024657,9.028467153
385,2013,Pennsylvania,30.0,81.6,11.0,64255.0,26.528430448455254,8.445985401
386,2013,Minnesota,25.5,84.8,5.4,74935.0,30.78434208535673,7.164525547
387,2013,Wyoming,27.8,90.7,1.3,78566.0,23.97698376320608,8.445985401
388,2013,Maine,28.9,94.9,1.0,64023.0,26.01163416098064,8.737226277
389,2013,Montana,24.6,89.1,0.3,50328.0,25.98577494504272,8.911970803
390,2013,Idaho,29.6,91.5,0.6,56462.0,23.68769626131165,8.445985401
391,2013,Arizona,26.8,79.0,4.2,61290.0,24.76854830758892,9.086715328
392,2013,Nevada,26.2,68.3,8.4,60399.0,20.38645936154709,9.610948905
393,2013,Utah,24.1,87.4,1.1,71118.0,27.105216360343903,8.445985401
394,2013,New Hampshire,26.7,93.4,1.2,80498.0,32.01481311128929,8.445985401
395,2013,Connecticut,25.0,77.3,10.3,80721.0,34.225963786023456,9.610948905
396,2013,Oregon,26.5,85.8,1.8,57082.0,27.9308880173077,10.42642336
397,2013,Rhode Island,27.3,80.5,6.4,65614.0,29.63988868009122,9.028467153
398,2013,New York,25.4,64.6,15.7,58209.0,31.55304455366044,8.445985401
399,2013,Vermont,24.7,95.0,1.1,76320.0,32.66418308457711,10.01868613
400,2013,Washington,27.2,78.0,3.7,74467.0,29.83691564739099,10.7060146
401,2013,New Jersey,26.3,68.2,13.7,74271.0,33.92107197705196,8.445985401
402,2013,California,24.1,61.9,5.9,70823.0,28.00112907673713,9.319708029
403,2013,Massachusetts,23.6,79.6,7.1,72844.0,37.11307251179228,9.319708029
404,2013,Colorado,21.3,83.8,4.0,79115.0,34.374530809462655,9.063416058
405,2013,Hawaii,21.8,25.6,2.2,74831.0,28.46606405015187,8.445985401
406,2013,District of Columbia,22.9,40.9,48.8,69964.0,50.24630288437279,9.610948905
407,2012,Florida,25.2,76.3,16.1,54466.0,24.539354158022725,9.067644444
408,2012,West Virginia,33.8,93.7,3.3,51489.0,17.315387036235215,8.571111111
409,2012,Kentucky,31.3,87.8,7.9,48573.0,19.946036088121843,8.571111111
410,2012,Alabama,33.0,69.1,26.5,51384.0,21.164265651947176,8.571111111
411,2012,Oklahoma,32.2,73.5,7.2,57228.0,21.55829796813381,8.571111111
412,2012,Mississippi,34.6,59.3,37.6,43318.0,18.43181695263441,8.571111111
413,2012,Arkansas,34.5,78.3,15.7,46128.0,19.145732160239408,8.571111111
414,2012,Louisiana,34.7,62.8,32.2,46207.0,20.017560739744727,8.571111111
415,2012,South Dakota,28.1,85.4,1.6,58420.0,23.791744180871447,8.571111111
416,2012,Ohio,30.1,82.7,12.2,52461.0,23.169444885922363,9.103111111
417,2012,Missouri,29.6,82.7,11.5,58832.0,24.095230845582822,8.571111111
418,2012,Iowa,30.4,91.7,3.0,63180.0,24.17329927025927,8.571111111
419,2012,Indiana,31.4,84.3,9.2,54569.0,21.37196394845101,8.571111111
420,2012,South Carolina,31.6,67.0,27.7,52492.0,22.71360898794234,8.571111111
421,2012,Texas,29.2,75.0,11.9,61388.0,23.99516799115713,8.571111111
422,2012,Kansas,29.9,85.5,5.8,59115.0,27.294935665620145,8.571111111
423,2012,North Carolina,29.6,69.9,21.6,49125.0,24.924427231610405,8.571111111
424,2012,Nebraska,28.6,88.1,4.6,61707.0,26.58512532642888,8.571111111
425,2012,North Dakota,29.7,89.5,1.5,65928.0,24.78386633182412,8.571111111
426,2012,Tennessee,31.1,78.0,16.9,50830.0,22.333338237244224,8.571111111
427,2012,New Mexico,27.1,71.9,2.1,51337.0,23.25907727003421,8.866666667
428,2012,Michigan,31.1,79.3,14.0,59129.0,23.70120023840111,8.748444444
429,2012,Maryland,27.6,58.1,29.2,84926.0,33.815307066100495,8.571111111
430,2012,Illinois,28.1,72.7,14.4,61166.0,29.083726663245105,9.753333333
431,2012,Virginia,27.4,69.2,19.3,76409.0,32.34097181671507,8.571111111
432,2012,Delaware,26.9,69.7,21.5,57896.0,26.80685845554164,8.571111111
433,2012,Georgia,29.1,60.4,30.9,56890.0,25.313821587193683,8.571111111
434,2012,Wisconsin,29.7,86.7,6.3,62751.0,24.89554626582441,8.571111111
435,2012,Alaska,25.7,66.5,3.6,75246.0,24.70924723990415,9.162222222
436,2012,Pennsylvania,29.1,81.9,11.0,61362.0,25.73566724269762,8.571111111
437,2012,Minnesota,25.7,85.5,5.3,73055.0,30.587991336487946,7.270666667
438,2012,Wyoming,24.6,90.9,1.0,67992.0,22.22409038612828,8.571111111
439,2012,Maine,28.4,95.1,1.0,58116.0,25.978303337550145,8.866666667
440,2012,Montana,24.3,89.2,0.4,53304.0,26.62200583183973,9.044
441,2012,Idaho,26.8,91.4,0.5,56654.0,22.96026220861913,8.571111111
442,2012,Arizona,26.0,78.8,4.4,55616.0,24.61232899646711,9.044
443,2012,Nevada,26.2,69.7,8.3,55958.0,20.40010145575881,9.753333333
444,2012,Utah,24.3,88.1,1.1,68972.0,26.781685728207805,8.571111111
445,2012,New Hampshire,27.3,94.0,1.3,80177.0,31.71243803170323,8.571111111
446,2012,Connecticut,25.6,78.1,10.2,75954.0,34.17446100756335,9.753333333
447,2012,Oregon,27.3,85.2,1.8,61210.0,27.23198353719322,10.40355556
448,2012,Rhode Island,25.7,81.7,6.5,66281.0,28.552680930723746,8.748444444
449,2012,New York,23.6,65.2,15.6,56368.0,30.944594964182134,8.571111111
450,2012,Vermont,23.7,95.1,1.0,65710.0,32.40198198844106,10.0016
451,2012,Washington,26.8,78.3,3.6,73519.0,28.95373450931601,10.68728889
452,2012,New Jersey,24.6,68.9,13.6,78845.0,33.57084101849525,8.571111111
453,2012,California,25.0,62.1,6.0,67410.0,27.82760575574215,9.457777778
454,2012,Massachusetts,22.9,80.1,7.1,75256.0,36.08489668704142,9.457777778
455,2012,Colorado,20.5,84.4,4.2,67688.0,34.00839059468819,9.032177778
456,2012,Hawaii,23.6,24.9,1.8,66515.0,27.405906747736445,8.571111111
457,2012,District of Columbia,21.9,39.6,49.5,77135.0,48.40959051085258,9.753333333
